<?xml version="1.0" encoding="utf-8"?>
<selector xmlns:android="http://schemas.android.com/apk/res/android">
    <!-- Estado pressionado -->
    <item android:state_pressed="true">
        <shape android:shape="rectangle">
            <solid android:color="@color/king_dark_coffee_dark" />
            <corners android:radius="@dimen/corner_radius_small" />
            <padding
                android:left="@dimen/padding_normal"
                android:right="@dimen/padding_normal"
                android:top="@dimen/padding_normal"
                android:bottom="@dimen/padding_normal" />
        </shape>
    </item>

    <!-- Estado desabilitado -->
    <item android:state_enabled="false">
        <shape android:shape="rectangle">
            <solid android:color="@color/king_dark_coffee_light" />
            <corners android:radius="@dimen/corner_radius_small" />
            <padding
                android:left="@dimen/padding_normal"
                android:right="@dimen/padding_normal"
                android:top="@dimen/padding_normal"
                android:bottom="@dimen/padding_normal" />
        </shape>
    </item>

    <!-- Estado normal -->
    <item>
        <shape android:shape="rectangle">
            <solid android:color="@color/king_dark_coffee" />
            <corners android:radius="@dimen/corner_radius_small" />
            <padding
                android:left="@dimen/padding_normal"
                android:right="@dimen/padding_normal"
                android:top="@dimen/padding_normal"
                android:bottom="@dimen/padding_normal" />
        </shape>
    </item>
</selector>