{
  "version": "1.0.0",
  "cdn": {
    "base_url": "https://cdn.king-family.com/assets/",
    "timeout_connection": 15000,
    "retry_count": 3,
    "cache_time_days": 7
  },
  "resources": {
    "logo": {
      "formats": ["png"],
      "sizes": ["small", "medium", "large", "xlarge"],
      "path_template": "{app_name}/logo_king_family_{size}.{format}",
      "required": true,
      "fallback": "logo_king_family_default"
    },
    "splash_screen": {
      "formats": ["png"],
      "sizes": ["small", "medium", "large", "xlarge"],
      "path_template": "{app_name}/splash_screen_{size}.{format}",
      "required": true,
      "fallback": "splash_screen_default"
    },
    "icons": {
      "formats": ["png", "svg"],
      "sizes": ["small", "medium", "large"],
      "path_template": "{app_name}/icons/{icon_name}_{size}.{format}",
      "required": false,
      "fallback": "icon_{icon_name}_default"
    }
  },
  "size_breakpoints": {
    "small": {
      "max_dp": 480
    },
    "medium": {
      "min_dp": 480,
      "max_dp": 720
    },
    "large": {
      "min_dp": 720,
      "max_dp": 1080
    },
    "xlarge": {
      "min_dp": 1080
    }
  },
  "applications": [
    {
      "name": "kingroad",
      "display_name": "KingRoad",
      "resources": ["logo", "splash_screen", "icons"],
      "regional_assets": true
    },
    {
      "name": "kingmusic",
      "display_name": "KingMusic",
      "resources": ["logo", "splash_screen", "icons"],
      "regional_assets": false
    },
    {
      "name": "kingscan",
      "display_name": "KingScan",
      "resources": ["logo", "splash_screen", "icons"],
      "regional_assets": false
    },
    {
      "name": "kingloc",
      "display_name": "KingLoc",
      "resources": ["logo", "splash_screen", "icons"],
      "regional_assets": true
    },
    {
      "name": "kingchat",
      "display_name": "KingChat",
      "resources": ["logo", "splash_screen", "icons"],
      "regional_assets": false
    },
    {
      "name": "kingjob",
      "display_name": "KingJob",
      "resources": ["logo", "splash_screen", "icons"],
      "regional_assets": true
    },
    {
      "name": "kingsms",
      "display_name": "KingSMS",
      "resources": ["logo", "splash_screen", "icons"],
      "regional_assets": false
    }
  ],
  "regional_settings": {
    "enabled": true,
    "detect_automatically": true,
    "default_region": "global",
    "regions": [
      {
        "code": "global",
        "name": "Global",
        "path_prefix": "global"
      },
      {
        "code": "br",
        "name": "Brasil",
        "path_prefix": "brazil"
      },
      {
        "code": "us",
        "name": "United States",
        "path_prefix": "usa"
      },
      {
        "code": "eu",
        "name": "Europe",
        "path_prefix": "europe"
      },
      {
        "code": "asia",
        "name": "Asia",
        "path_prefix": "asia"
      }
    ]
  }
}