<?xml version="1.0" encoding="utf-8"?>
<resources>
    <!-- Cores padrão da família King -->
    <color name="king_gold">#D4AF37</color>
    <color name="king_dark_coffee">#4B3621</color>
    <color name="king_light_beige">#F5F5DC</color>
    
    <!-- Cores complementares -->
    <color name="black">#000000</color>
    <color name="white">#FFFFFF</color>
    
    <!-- Variações da cor dourada para estados de botões -->
    <color name="king_gold_dark">#AA8C2C</color>
    <color name="king_gold_light">#E1C565</color>
    
    <!-- Variações da cor café para estados de bordas -->
    <color name="king_dark_coffee_light">#6A5032</color>
    <color name="king_dark_coffee_dark">#342618</color>
    
    <!-- Cores de texto para diferentes fundos -->
    <color name="text_on_light">#333333</color>
    <color name="text_on_dark">#F0F0F0</color>
    <color name="text_on_gold">#000000</color>
    
    <!-- Cores para status e alertas -->
    <color name="status_online">#4CAF50</color>
    <color name="status_offline">#F44336</color>
    <color name="status_warning">#FFC107</color>
    <color name="status_info">#2196F3</color>
    
    <!-- Cores de fundo das telas principais -->
    <color name="screen_background">#F5F5DC</color>
    <color name="screen_background_dark">#333333</color>
    
    <!-- Cores para o splash screen -->
    <color name="splash_background">#000000</color>
    <color name="splash_text">#D4AF37</color>
</resources>