<?xml version="1.0" encoding="utf-8"?>
<resources>
    <!-- Dimensões para o botão de menu -->
    <dimen name="menu_button_size">40dp</dimen>
    <dimen name="menu_button_stroke">2dp</dimen>
    <dimen name="menu_line_height">2.5dp</dimen>
    <dimen name="menu_line_width">26dp</dimen>
    <dimen name="menu_line_spacing">7dp</dimen>
    <dimen name="menu_line_corner_radius">1.25dp</dimen>
    
    <!-- Dimensões para logos -->
    <dimen name="logo_small_size">32dp</dimen>
    <dimen name="logo_medium_size">48dp</dimen>
    <dimen name="logo_large_size">64dp</dimen>
    <dimen name="logo_header_size">24dp</dimen>
    
    <!-- Margens e paddings padrões -->
    <dimen name="margin_small">4dp</dimen>
    <dimen name="margin_normal">8dp</dimen>
    <dimen name="margin_medium">16dp</dimen>
    <dimen name="margin_large">24dp</dimen>
    <dimen name="margin_xlarge">32dp</dimen>
    
    <dimen name="padding_small">4dp</dimen>
    <dimen name="padding_normal">8dp</dimen>
    <dimen name="padding_medium">16dp</dimen>
    <dimen name="padding_large">24dp</dimen>
    
    <!-- Dimensões de texto -->
    <dimen name="text_size_small">12sp</dimen>
    <dimen name="text_size_normal">14sp</dimen>
    <dimen name="text_size_medium">16sp</dimen>
    <dimen name="text_size_large">18sp</dimen>
    <dimen name="text_size_xlarge">22sp</dimen>
    <dimen name="text_size_title">24sp</dimen>
    
    <!-- Elevação para elementos com sombra -->
    <dimen name="elevation_card">2dp</dimen>
    <dimen name="elevation_fab">6dp</dimen>
    <dimen name="elevation_dialog">8dp</dimen>
    
    <!-- Dimensões para bordas -->
    <dimen name="border_thin">1dp</dimen>
    <dimen name="border_normal">2dp</dimen>
    <dimen name="border_thick">3dp</dimen>
    
    <!-- Raios para cantos arredondados -->
    <dimen name="corner_radius_small">4dp</dimen>
    <dimen name="corner_radius_medium">8dp</dimen>
    <dimen name="corner_radius_large">16dp</dimen>
    
    <!-- Dimensões para a Splash Screen -->
    <dimen name="splash_logo_size">120dp</dimen>
    <dimen name="splash_text_size">18sp</dimen>
    <dimen name="splash_text_margin_top">16dp</dimen>
</resources>