<?xml version="1.0" encoding="utf-8"?>
<resources>
    <!-- General app strings -->
    <string name="app_name">KingRoad</string>
    <string name="app_name_uppercase">KING ROAD</string>
    
    <!-- Accessibility descriptions -->
    <string name="logo_description">King Family Logo</string>
    <string name="menu_button_description">Main menu button</string>
    <string name="search_button_description">Search button</string>
    
    <!-- Splash screen texts -->
    <string name="version_format">Version %1$s</string>
    <string name="beta_version">BETA VERSION</string>
    
    <!-- Status messages -->
    <string name="loading">Loading…</string>
    <string name="error_loading_resources">Error loading resources</string>
    <string name="downloading_resources">Downloading resources</string>
    
    <!-- Developer mode related messages -->
    <string name="developer_mode_prompt">Enter developer mode password</string>
    <string name="developer_mode_activated">Developer mode activated</string>
    <string name="developer_mode_denied">Incorrect password</string>
    
    <!-- Temporary messages (for future implementation) -->
    <string name="menu_not_implemented">Menu under development</string>
    <string name="search_not_implemented">Search under development</string>
    
    <!-- Main menu texts -->
    <string name="menu_navigation">Navigation</string>
    <string name="menu_points_of_interest">Points of Interest</string>
    <string name="menu_alerts">Alerts</string>
    <string name="menu_scanner">Scanner</string>
    <string name="menu_reports">Quick Reports</string>
    <string name="menu_settings">Settings</string>
    <string name="menu_help">Help</string>
    
    <!-- Settings texts -->
    <string name="settings_appearance">Appearance</string>
    <string name="settings_light_theme">Light Theme</string>
    <string name="settings_dark_theme">Dark Theme</string>
    <string name="settings_language">Language</string>
    <string name="settings_voice">Voice</string>
    <string name="settings_notifications">Notifications</string>
    <string name="settings_about">About</string>
    
    <!-- King family app names -->
    <string name="king_family">King Family</string>
    <string name="king_road">KingRoad</string>
    <string name="king_music">KingMusic</string>
    <string name="king_scan">KingScan</string>
    <string name="king_loc">KingLoc</string>
    <string name="king_chat">KingChat</string>
    <string name="king_job">KingJob</string>
    <string name="king_sms">KingSMS</string>
</resources>