<?xml version="1.0" encoding="utf-8"?>
<resources>
    <!-- Titles -->
    <string name="intermodal_routes_title">Routes with Special Connections</string>
    <string name="available_routes">Available Routes</string>
    <string name="route_preferences">Route Preferences</string>
    <string name="intermodal_connections">Intermodal Connections</string>
    <string name="connections">Connections</string>
    
    <!-- Navigation -->
    <string name="back">Back</string>
    <string name="close">Close</string>
    <string name="show_routes">Show Routes</string>
    <string name="hide_routes">Hide Routes</string>
    <string name="show_full_details">View Full Details</string>
    <string name="settings">Settings</string>
    
    <!-- Preferences -->
    <string name="avoid_ferries">Avoid ferries</string>
    <string name="avoid_tunnels">Avoid toll tunnels</string>
    <string name="prefer_fastest_route">Prefer fastest route</string>
    <string name="max_cost_for_intermodal">Maximum cost for connections</string>
    <string name="unlimited">Unlimited</string>
    
    <!-- Connection types -->
    <string name="vehicle_ferry">Vehicle Ferry</string>
    <string name="passenger_ferry">Passenger Ferry</string>
    <string name="car_tunnel">Car Tunnel</string>
    <string name="truck_tunnel">Truck Tunnel</string>
    <string name="train_tunnel">Train Tunnel</string>
    <string name="bridge_toll">Toll Bridge</string>
    
    <!-- Route and connection details -->
    <string name="origin">Origin</string>
    <string name="destination">Destination</string>
    <string name="route">Route</string>
    <string name="distance">Distance</string>
    <string name="duration">Duration</string>
    <string name="fee">Fee</string>
    <string name="cost">Cost</string>
    <string name="schedule">Schedule</string>
    <string name="fixed_schedule">Fixed Schedule</string>
    <string name="continuous_service">Continuous Service</string>
    <string name="availability">Availability</string>
    <string name="all_year">All Year</string>
    <string name="seasonal">Seasonal</string>
    <string name="avg_waiting_time">Average Waiting Time</string>
    
    <!-- Informative messages -->
    <string name="no_routes_available">No routes available with current preferences</string>
    <string name="loading_routes">Loading routes…</string>
    <string name="search_routes">Search Routes</string>
    <string name="try_different_preferences">Try changing your preferences</string>
</resources>