<?xml version="1.0" encoding="utf-8"?>
<resources>
    <!-- Títulos -->
    <string name="intermodal_routes_title">Rotas com Conexões Especiais</string>
    <string name="available_routes">Rotas Disponíveis</string>
    <string name="route_preferences">Preferências de Rota</string>
    <string name="intermodal_connections">Conexões Intermodais</string>
    <string name="connections">Conexões</string>
    
    <!-- Navegação -->
    <string name="back">Voltar</string>
    <string name="close">Fechar</string>
    <string name="show_routes">Mostrar Rotas</string>
    <string name="hide_routes">Ocultar Rotas</string>
    <string name="show_full_details">Ver Detalhes Completos</string>
    <string name="settings">Configurações</string>
    
    <!-- Preferências -->
    <string name="avoid_ferries">Evitar balsas e ferries</string>
    <string name="avoid_tunnels">Evitar túneis com tarifas</string>
    <string name="prefer_fastest_route">Preferir rota mais rápida</string>
    <string name="max_cost_for_intermodal">Custo máximo para conexões</string>
    <string name="unlimited">Ilimitado</string>
    
    <!-- Tipos de conexão -->
    <string name="vehicle_ferry">Balsa para Veículos</string>
    <string name="passenger_ferry">Balsa para Passageiros</string>
    <string name="car_tunnel">Túnel para Carros</string>
    <string name="truck_tunnel">Túnel para Caminhões</string>
    <string name="train_tunnel">Túnel para Trens</string>
    <string name="bridge_toll">Ponte com Pedágio</string>
    
    <!-- Detalhes da rota e conexão -->
    <string name="origin">Origem</string>
    <string name="destination">Destino</string>
    <string name="route">Rota</string>
    <string name="distance">Distância</string>
    <string name="duration">Duração</string>
    <string name="fee">Tarifa</string>
    <string name="cost">Custo</string>
    <string name="schedule">Horários</string>
    <string name="fixed_schedule">Horários Fixos</string>
    <string name="continuous_service">Serviço Contínuo</string>
    <string name="availability">Disponibilidade</string>
    <string name="all_year">Todo o Ano</string>
    <string name="seasonal">Sazonal</string>
    <string name="avg_waiting_time">Tempo Médio de Espera</string>
    
    <!-- Mensagens informativas -->
    <string name="no_routes_available">Nenhuma rota disponível com as preferências atuais</string>
    <string name="loading_routes">Carregando rotas…</string>
    <string name="search_routes">Buscar Rotas</string>
    <string name="try_different_preferences">Tente alterar suas preferências</string>
</resources>