{
  "version": "1.0.0",
  "family_name": "Família King",
  "beta_mode": {
    "enabled": true,
    "expires_at": "2025-09-30",
    "show_indicator": true,
    "beta_message": "Esta é uma versão beta. Relatórios de bugs e sugestões são bem-vindos."
  },
  "theme": {
    "colors": {
      "primary": "#D4AF37",
      "primary_dark": "#AA8C2C",
      "primary_light": "#E1C565",
      "secondary": "#4B3621",
      "secondary_light": "#6A5032",
      "secondary_dark": "#342618",
      "background": "#F5F5DC",
      "background_dark": "#333333"
    },
    "fonts": {
      "primary": "Roboto",
      "secondary": "Montserrat"
    },
    "dark_mode": {
      "enabled": true,
      "auto_switch": true,
      "follow_system": true
    }
  },
  "applications": [
    {
      "id": "kingroad",
      "name": "KingRoad",
      "description": "Sistema GPS avançado com foco em caminhões e outros veículos",
      "version": "1.0.0",
      "logo": "logo_king_family",
      "splash": "splash_screen",
      "beta": true,
      "regional_assets": true,
      "features": ["navegacao", "pois", "alertas", "scanner", "reportes", "feedback"],
      "primary_color": "#D4AF37"
    },
    {
      "id": "kingmusic",
      "name": "KingMusic",
      "description": "Reprodutor de música especializado para motoristas",
      "version": "1.0.0",
      "logo": "logo_king_family",
      "splash": "splash_screen",
      "beta": true,
      "regional_assets": false,
      "features": ["playlists", "radio", "audiobooks", "podcasts"],
      "primary_color": "#D4AF37"
    },
    {
      "id": "kingscan",
      "name": "KingScan",
      "description": "Scanner de documentos e códigos para motoristas",
      "version": "1.0.0",
      "logo": "logo_king_family",
      "splash": "splash_screen",
      "beta": true,
      "regional_assets": false,
      "features": ["scanner", "qrcode", "documentos", "ocr"],
      "primary_color": "#D4AF37"
    },
    {
      "id": "kingloc",
      "name": "KingLoc",
      "description": "Localizador e compartilhamento de posição em tempo real",
      "version": "1.0.0",
      "logo": "logo_king_family",
      "splash": "splash_screen",
      "beta": true,
      "regional_assets": true,
      "features": ["rastreamento", "compartilhamento", "alertas", "geocercas"],
      "primary_color": "#D4AF37"
    },
    {
      "id": "kingchat",
      "name": "KingChat",
      "description": "Mensageiro para comunicação entre motoristas",
      "version": "1.0.0",
      "logo": "logo_king_family",
      "splash": "splash_screen",
      "beta": true,
      "regional_assets": false,
      "features": ["chat", "grupos", "compartilhamento", "voz"],
      "primary_color": "#D4AF37"
    },
    {
      "id": "kingjob",
      "name": "KingJob",
      "description": "Plataforma de ofertas de trabalho para motoristas",
      "version": "1.0.0",
      "logo": "logo_king_family",
      "splash": "splash_screen",
      "beta": true,
      "regional_assets": true,
      "features": ["vagas", "perfil", "aplicacoes", "notificacoes"],
      "primary_color": "#D4AF37"
    },
    {
      "id": "kingsms",
      "name": "KingSMS",
      "description": "Sistema de mensagens SMS para áreas sem internet",
      "version": "1.0.0",
      "logo": "logo_king_family",
      "splash": "splash_screen",
      "beta": true,
      "regional_assets": false,
      "features": ["sms", "grupos", "templates", "offline"],
      "primary_color": "#D4AF37"
    }
  ],
  "developer_mode": {
    "enabled": true,
    "password": "kingdev2025",
    "activation_taps": 5,
    "tools": [
      {
        "id": "screen_recorder",
        "name": "Gravação de Tela",
        "icon": "ic_recorder"
      },
      {
        "id": "menu_editor",
        "name": "Editor de Menus",
        "icon": "ic_menu_edit"
      },
      {
        "id": "visual_adjustments",
        "name": "Ajustes Visuais",
        "icon": "ic_visual"
      },
      {
        "id": "navigation_controls",
        "name": "Controles de Navegação",
        "icon": "ic_nav_control"
      },
      {
        "id": "size_customization",
        "name": "Personalização por Tamanho",
        "icon": "ic_size"
      }
    ]
  },
  "i18n": {
    "default_language": "pt-BR",
    "supported_languages": [
      "pt-BR",
      "en-US",
      "es-ES",
      "fr-FR",
      "de-DE",
      "it-IT",
      "ru-RU"
    ],
    "auto_detect": true
  },
  "integration": {
    "cross_app_communication": true,
    "shared_data": ["user_profile", "location", "preferences"],
    "single_sign_on": true
  }
}