<?xml version="1.0" encoding="utf-8"?>
<resources>
    <!-- Strings gerais do aplicativo -->
    <string name="app_name">KingRoad</string>
    <string name="app_name_uppercase">KING ROAD</string>
    
    <!-- Descrições para acessibilidade -->
    <string name="logo_description">Logo da Família King</string>
    <string name="menu_button_description">Botão de menu principal</string>
    <string name="search_button_description">Botão de busca</string>
    
    <!-- Textos da tela de splash -->
    <string name="version_format">Versão %1$s</string>
    <string name="beta_version">VERSÃO BETA</string>
    
    <!-- Mensagens de status -->
    <string name="loading">Carregando…</string>
    <string name="error_loading_resources">Erro ao carregar recursos</string>
    <string name="downloading_resources">Baixando recursos</string>
    
    <!-- Mensagens relacionadas ao modo desenvolvedor -->
    <string name="developer_mode_prompt">Digite a senha para o modo desenvolvedor</string>
    <string name="developer_mode_activated">Modo desenvolvedor ativado</string>
    <string name="developer_mode_denied">Senha incorreta</string>
    
    <!-- Mensagens temporárias (para implementação futura) -->
    <string name="menu_not_implemented">Menu em desenvolvimento</string>
    <string name="search_not_implemented">Busca em desenvolvimento</string>
    
    <!-- Textos para o menu principal -->
    <string name="menu_navigation">Navegação</string>
    <string name="menu_points_of_interest">Pontos de Interesse</string>
    <string name="menu_alerts">Alertas</string>
    <string name="menu_scanner">Scanner</string>
    <string name="menu_reports">Reportes Rápidos</string>
    <string name="menu_settings">Configurações</string>
    <string name="menu_help">Ajuda</string>
    
    <!-- Textos para configurações -->
    <string name="settings_appearance">Aparência</string>
    <string name="settings_light_theme">Tema Claro</string>
    <string name="settings_dark_theme">Tema Escuro</string>
    <string name="settings_language">Idioma</string>
    <string name="settings_voice">Voz</string>
    <string name="settings_notifications">Notificações</string>
    <string name="settings_about">Sobre</string>
    
    <!-- Família de aplicativos King -->
    <string name="king_family">Família King</string>
    <string name="king_road">KingRoad</string>
    <string name="king_music">KingMusic</string>
    <string name="king_scan">KingScan</string>
    <string name="king_loc">KingLoc</string>
    <string name="king_chat">KingChat</string>
    <string name="king_job">KingJob</string>
    <string name="king_sms">KingSMS</string>
    
    <!-- KingSplitScreen - Nomes dos aplicativos (com compatibilidade para código existente) -->
    <string name="app_kingroad">KingRoad</string>
    <string name="app_kingchat">KingChat</string>
    <string name="app_kingsms">KingSMS</string>
    <string name="app_kingloc">KingLoc</string>
    <string name="app_adminportal">Portal Admin</string>
    
    <!-- KingSplitScreen - Ações -->
    <string name="select_app">Selecionar App</string>
    <string name="pin_app">Fixar App</string>
    <string name="unpin_app">Desafixar App</string>
</resources>