<?xml version="1.0" encoding="utf-8"?>
<resources>
    <!-- KingSplitScreen App Names -->
    <string name="app_kingroad">KingRoad</string>
    <string name="app_kingchat">KingChat</string>
    <string name="app_kingsms">KingSMS</string>
    <string name="app_kingloc">KingLoc</string>
    <string name="app_adminportal">Admin Portal</string>
    
    <!-- KingSplitScreen Actions -->
    <string name="select_app">Select App</string>
    <string name="pin_app">Pin App</string>
    <string name="unpin_app">Unpin App</string>
</resources>