<?xml version="1.0" encoding="utf-8"?>
<resources>
    <!-- Tema base para todos os aplicativos da família King -->
    <style name="Theme.KingFamily" parent="Theme.AppCompat.Light.DarkActionBar">
        <!-- Cores primárias do tema -->
        <item name="colorPrimary">@color/king_dark_coffee</item>
        <item name="colorPrimaryDark">@color/king_dark_coffee_dark</item>
        <item name="colorAccent">@color/king_gold</item>

        <!-- Cores secundárias -->
        <item name="android:textColorPrimary">@color/text_on_light</item>
        <item name="android:textColorSecondary">@color/text_on_light</item>
        
        <!-- Cor de fundo padrão -->
        <item name="android:windowBackground">@color/screen_background</item>
        
        <!-- Estilo para botões -->
        <item name="buttonStyle">@style/Widget.KingFamily.Button</item>
        
        <!-- Estilo para Action Bar -->
        <item name="actionBarStyle">@style/Widget.KingFamily.ActionBar</item>
    </style>
    
    <!-- Tema sem Action Bar -->
    <style name="Theme.KingFamily.NoActionBar">
        <item name="windowActionBar">false</item>
        <item name="windowNoTitle">true</item>
    </style>
    
    <!-- Tema específico para KingRoad -->
    <style name="Theme.KingRoad" parent="Theme.KingFamily">
        <!-- Personalizações específicas do KingRoad, se necessário -->
    </style>
    
    <!-- Tema sem Action Bar para KingRoad -->
    <style name="Theme.KingRoad.NoActionBar" parent="Theme.KingFamily.NoActionBar">
        <!-- Personalizações específicas, se necessário -->
    </style>
    
    <!-- Tema para a SplashActivity -->
    <style name="Theme.KingRoad.Splash" parent="Theme.KingRoad.NoActionBar">
        <item name="android:windowBackground">@color/splash_background</item>
        <item name="android:statusBarColor">@color/black</item>
        <item name="android:navigationBarColor">@color/black</item>
    </style>
    
    <!-- Estilo para botões -->
    <style name="Widget.KingFamily.Button" parent="Widget.AppCompat.Button">
        <item name="android:background">@drawable/button_background</item>
        <item name="android:textColor">@color/text_on_gold</item>
        <item name="android:paddingStart">@dimen/padding_medium</item>
        <item name="android:paddingEnd">@dimen/padding_medium</item>
        <item name="android:paddingTop">@dimen/padding_normal</item>
        <item name="android:paddingBottom">@dimen/padding_normal</item>
        <item name="android:textAllCaps">false</item>
    </style>
    
    <!-- Estilo para Action Bar -->
    <style name="Widget.KingFamily.ActionBar" parent="Widget.AppCompat.ActionBar.Solid">
        <item name="background">@color/king_dark_coffee</item>
        <item name="titleTextStyle">@style/TextAppearance.KingFamily.ActionBar.Title</item>
    </style>
    
    <!-- Estilo para título da Action Bar -->
    <style name="TextAppearance.KingFamily.ActionBar.Title" parent="TextAppearance.AppCompat.Widget.ActionBar.Title">
        <item name="android:textColor">@color/king_gold</item>
        <item name="android:textSize">@dimen/text_size_large</item>
    </style>
    
    <!-- Estilo para textos de título -->
    <style name="TextAppearance.KingFamily.Title" parent="TextAppearance.AppCompat.Title">
        <item name="android:textColor">@color/king_dark_coffee</item>
        <item name="android:textSize">@dimen/text_size_title</item>
    </style>
    
    <!-- Estilo para textos de corpo -->
    <style name="TextAppearance.KingFamily.Body" parent="TextAppearance.AppCompat.Body1">
        <item name="android:textColor">@color/text_on_light</item>
        <item name="android:textSize">@dimen/text_size_normal</item>
    </style>
</resources>